Id,modularity_class
16,0
38,19
161,0
215,8
237,4
256,8
262,0
298,4
379,2
554,1
593,4
763,1
796,4
835,2
1024,2
1196,6
1251,0
1299,0
1426,2
1442,4
1451,0
1784,0
1873,0
1902,0
1960,0
2042,2
2098,1
2246,42
2367,2
2493,4
2673,2
2788,2
2962,2
3090,4
3125,2
3163,8
3199,1
3404,8
3446,0
3455,8
3475,2
3476,41
3555,5
3618,2
3721,2
3866,4
3946,1
4008,0
4048,2
4078,9
4204,6
4216,0
4253,175
4523,1
4647,2
4846,3
5062,2
5170,2
5205,4
5274,0
5288,36
5294,0
5504,2
5523,0
5577,15
5621,26
5675,18
5827,1
6017,0
6038,1
6347,4
6494,8
6614,0
6642,0
6692,2
6748,19
6798,1
6941,1
7091,228
7170,4
7251,41
7300,2
7355,2
7490,52
7815,1
7893,1
7917,19
7971,1
8076,1
8083,4
8218,2
8284,0
8366,2
8496,2
8528,94
8646,8
8747,1
8854,0
8874,4
8883,41
8973,1
9200,8
9539,7
9640,41
9677,41
9816,2
9882,3
10106,8
10331,6
10376,2
10446,4
10483,2
10491,0
10562,2
10579,2
10646,2
10660,2
10792,41
10804,1
10824,3
10967,1
11096,0
11132,2
11199,23
11242,0
11370,0
11572,3
11681,2
11704,0
11741,57
11765,10
11786,2
11909,2
12068,2
12129,2
12169,97
12321,8
12374,4
12580,8
12852,0
12893,2
12926,9
12974,2
13049,65
13104,2
13269,14
13327,5
13522,8
13588,1
13619,0
13648,9
13831,1
13919,2
14032,0
14045,2
14089,68
14104,3
14112,4
14133,0
14191,3
14308,3
14421,41
14586,20
14627,0
14688,6
14799,21
15085,4
15150,9
15190,3
15328,38
15442,27
15531,6
15585,4
15718,2
15727,2
15750,0
15927,2
15942,2
15971,2
16042,3
16062,2
16132,2
16193,0
16211,5
16271,4
16280,2
16294,1
16327,8
16336,204
16400,2
16456,2
16479,2
16617,15
16618,1
16626,2
16648,1
16722,2
16724,41
16803,43
16897,1
16903,0
16959,8
17065,7
17077,2
17191,15
17257,2
17346,2
17362,0
17531,41
17578,2
17674,0
17686,1
17724,8
17731,9
17921,132
18205,1
18305,2
18537,4
18584,2
18661,2
18720,2
18763,0
18775,2
18821,2
18908,19
18987,17
19003,135
19033,6
19050,2
19111,2
19322,2
19366,74
19390,6
19405,38
19495,6
19789,28
19833,69
19859,4
19920,9
19930,41
19941,35
19971,1
20353,17
20444,4
20559,41
20592,8
20594,8
20851,4
20861,34
20880,24
20904,1
20954,41
21081,6
21167,2
21268,2
21376,5
21660,2
21690,2
21698,1
21762,2
21797,2
21830,2
21967,0
21983,0
22167,2
22179,235
22181,0
22242,0
22316,6
22348,2
22354,2
22363,1
22482,2
22805,3
22845,4
22904,4
22942,42
23035,2
23046,2
23120,113
23270,167
23304,4
23337,0
23496,8
23625,1
23636,5
23643,6
23715,2
23833,2
23859,0
23871,72
23912,4
23928,0
23981,0
24277,6
24353,4
24369,8
24378,0
24389,41
24546,2
24664,226
24722,2
24868,8
24964,2
25022,0
25087,1
25120,1
25228,1
25296,1
25309,0
25417,182
25449,1
25465,2
25580,0
25614,2
25747,2
25855,2
25876,19
25959,8
26073,19
26127,243
26210,0
26316,0
26401,2
26486,0
26614,85
26672,2
26968,2
27070,0
27074,3
27153,1
27268,2
27487,15
27542,1
27545,0
27652,4
27738,2
27913,7
27932,4
27956,8
28085,2
28120,7
28124,52
28133,1
28217,146
28250,8
28350,1
28351,5
28372,1
28482,8
28682,179
28714,8
28765,4
28863,8
28904,58
28924,3
29106,16
29115,2
29170,15
29183,1
29303,8
29305,0
29358,2
29367,3
29421,0
29557,1
29588,1
29611,19
29682,0
29707,1
29744,22
29823,2
29841,2
29995,2
30056,2
30102,1
30150,2
30441,140
30493,1
30519,2
30533,2
30746,2
30799,14
30844,1
31021,4
31027,147
31180,6
31185,8
31312,5
31395,7
31471,2
31506,2
31758,2
31832,41
31906,2
31909,4
32197,4
32310,8
32338,2
32458,3
32507,4
32646,2
32770,1
32789,2
32914,2
33071,41
33075,2
33132,0
33152,1
33168,2
33186,8
33190,5
33210,5
33246,0
33293,64
33488,1
33500,1
33523,7
33633,2
33656,1
33949,2
33969,1
33994,8
34070,4
34117,50
34171,2
34190,8
34210,195
34267,2
34317,3
34328,26
34347,1
34348,2
34363,5
34447,41
34473,2
34567,2
34714,33
34735,0
34802,1
34973,8
34988,0
35105,0
35153,4
35200,2
35248,19
35285,2
35457,2
35470,2
35494,2
35570,1
35826,1
35830,4
35923,1
36022,2
36209,2
36250,19
36323,13
36329,0
36349,4
36384,1
36393,4
36421,0
36445,1
36459,2
36481,8
36730,6
36732,19
36804,36
36835,1
36850,1
36928,8
36944,0
37054,2
37123,2
37141,0
37159,1
37204,0
37342,1
37356,8
37365,3
37450,0
37451,55
37487,195
37526,2
37611,63
37740,0
37838,0
37849,8
37867,8
38111,6
38112,1
38145,1
38178,2
38195,41
38259,2
38333,2
38409,4
38624,2
38691,3
38797,2
38944,15
38951,2
39069,2
39080,1
39125,1
39145,8
39173,1
39273,2
39296,4
39397,2
39439,8
39458,2
39465,2
39557,19
39574,0
39604,0
39619,16
39652,1
39910,2
39911,2
39933,0
39983,4
40033,23
40035,2
40111,41
40115,8
40146,108
40147,1
40274,1
40281,10
40300,2
40307,2
40319,53
40320,2
40453,17
40490,0
40523,2
40714,20
40829,6
40843,7
40871,2
40970,0
41002,1
41004,2
41074,1
41090,1
41107,17
41192,1
41237,5
41249,2
41337,0
41441,1
41446,2
41515,1
41598,27
41599,2
41602,33
41609,17
41707,0
41781,2
41855,0
41897,2
41923,2
42123,2
42165,2
42210,2
42231,0
42296,2
42323,2
42479,2
42519,41
42534,2
42548,1
42559,9
42586,1
42654,19
42659,2
42714,2
42731,2
43003,2
43033,3
43039,41
43089,3
43142,41
43152,1
43211,2
43236,1
43296,4
43300,2
43371,14
43426,89
43539,4
43575,0
43782,2
43857,0
44070,41
44142,2
44350,3
44358,9
44600,42
44601,0
44608,0
44733,2
44736,17
44848,2
44874,3
44930,10
45206,4
45207,2
45245,2
45261,8
45313,126
45434,2
45443,40
45504,0
45508,2
45510,125
45530,6
45583,2
45834,8
45846,5
45867,8
45929,2
46005,1
46012,2
46032,17
46045,4
46063,2
46097,8
46127,2
46166,6
46174,2
46509,5
46594,2
46604,6
46610,19
46716,2
46735,8
46969,0
47056,2
47210,4
47306,37
47400,2
47423,2
47593,2
47642,4
47684,2
47688,1
47700,6
47785,2
47833,3
47872,0
47919,5
48037,3
48041,2
48147,1
48177,2
48318,2
48463,1
48500,8
48668,3
48685,8
48747,41
48777,0
48802,0
48822,9
48914,41
48967,8
48992,35
49006,4
49053,2
49345,4
49479,2
49572,1
49605,0
49855,0
49869,3
50130,41
50191,1
50197,1
50207,0
50320,6
50369,179
50395,2
50423,2
50440,0
50623,2
50640,21
50692,13
50699,25
50704,7
50724,89
50726,2
50760,0
50897,6
50905,0
50958,0
50985,26
51005,4
51041,2
51042,1
51109,0
51205,3
51372,41
51413,0
51566,2
51584,2
51638,258
51725,2
51757,2
51849,0
51894,53
51948,1
52160,0
52202,2
52277,4
52351,0
52410,20
52538,42
52548,2
52558,8
52624,2
52669,1
52700,0
52952,2
52997,28
53176,9
53325,2
53335,4
53392,2
53558,10
53704,0
53829,37
53978,72
54024,8
54140,8
54226,15
54385,2
54406,2
54572,6
54578,3
54815,4
54896,2
54897,2
54946,2
55010,2
55057,0
55220,3
55278,1
55365,2
55384,41
55566,2
55645,0
55654,7
55658,1
55675,0
55691,2
55807,4
55819,0
55848,2
55852,21
55886,9
55907,6
56039,2
56064,0
56104,0
56320,4
56415,0
56438,5
56514,2
56792,17
56813,4
56826,0
56945,2
56990,0
57013,6
57059,2
57123,4
57166,2
57237,0
57263,8
57268,0
57292,2
57340,2
57363,41
57484,1
57554,18
57662,0
57755,2
57836,9
57851,5
57905,2
57958,8
58263,28
58281,2
58286,2
58465,2
58477,17
58563,160
58645,2
58655,7
58665,8
58732,48
58785,19
58791,2
58808,41
58852,3
58903,0
59023,2
59077,0
59147,19
59280,2
59287,2
59365,0
59390,2
59519,219
59551,0
59781,1
59878,1
59945,4
60122,3
60188,2
60283,2
60364,0
60373,2
60426,1
60465,8
60501,19
60516,0
60616,0
60711,2
60879,2
60920,2
60932,4
61091,38
61113,19
61185,2
61305,6
61318,1
61537,2
61570,6
61700,2
61721,41
61793,0
61824,0
61873,0
61982,3
62199,2
62395,8
62467,4
62472,8
62672,1
62676,1
62766,4
62791,3
62811,2
62830,2
62832,6
62893,0
63052,2
63109,4
63138,6
63177,2
63373,54
63391,2
63408,2
63508,246
63536,4
63694,0
63782,2
63899,1
64073,1
64110,1
64140,0
64205,3
64224,3
64452,4
64514,199
64640,0
64674,4
64695,4
65031,2
65111,0
65148,0
65314,1
65337,19
65423,2
65448,6
65523,13
65592,2
65612,1
65656,3
65661,2
65794,2
65978,142
66044,0
66096,4
66097,2
66157,1
66357,6
66367,1
66402,2
66465,1
66527,9
66593,6
66640,0
66725,0
66862,0
66990,2
67030,2
67085,2
67095,2
67450,2
67589,2
67726,42
67820,5
67873,2
68010,3
68110,2
68118,8
68143,4
68281,0
68335,0
68364,114
68457,2
68561,3
68678,8
68808,3
68867,6
69050,0
69069,1
69144,6
69228,0
69253,2
69259,1
69368,0
69378,2
69450,0
69492,2
69505,83
69727,5
69836,0
69978,6
70209,15
70290,2
70316,2
70433,2
70478,0
70482,79
70489,15
70562,30
70589,1
70734,2
70771,2
70808,4
70898,2
71106,2
71252,8
71386,8
71549,6
71717,1
71742,7
71776,41
71777,0
71780,80
71834,5
71857,17
72202,8
72314,8
72423,8
72517,8
72575,0
72588,8
72622,85
72645,5
72648,4
72791,4
72792,1
72833,162
72884,6
72900,3
72973,4
72996,1
73048,0
73141,4
73148,2
73225,214
73253,2
73284,42
73412,4
73476,2
73491,4
73525,122
73834,2
73856,7
73951,8
73968,1
74015,5
74091,0
74380,52
74389,2
74417,7
74493,2
74551,4
74599,0
74721,0
74727,2
74759,2
74844,2
75062,2
75082,2
75147,2
75153,24
75165,2
75238,16
75315,8
75361,3
75594,17
75707,4
75723,1
75792,0
75830,2
75844,2
75901,4
75926,41
75950,0
76193,1
76242,4
76244,2
76373,2
76444,2
76544,0
76570,19
76634,1
76711,2
77028,4
77055,4
77103,2
77331,1
77355,2
77427,7
77490,5
77505,1
77593,2
77712,2
77798,79
77810,2
77950,1
78035,8
78039,3
78311,41
78443,0
78590,0
78677,1
78747,1
78755,8
78828,0
78854,187
79178,0
79241,0
79248,41
79321,4
79359,0
79402,2
79440,4
79562,0
79586,8
79633,4
79647,13
79666,0
79670,2
79690,0
79737,4
79739,3
79864,41
79972,2
79975,2
80089,2
80101,8
80168,41
80329,0
80333,2
80336,8
80395,2
80418,9
80466,87
80547,0
80595,62
80635,8
80649,2
80662,5
80665,20
80716,119
80722,2
80978,4
81015,3
81089,9
81180,75
81250,0
81301,0
81305,1
81342,2
81344,2
81373,1
81415,4
81447,6
81452,33
81528,2
81691,52
81786,3
81836,2
81846,8
81924,221
81926,3
81956,41
82027,24
82030,2
82032,0
82309,2
82434,0
82435,3
82443,2
82466,15
82485,2
82573,1
82628,1
82669,2
82735,2
82743,2
82757,57
82801,0
82845,0
82916,2
82928,232
83027,4
83071,3
83081,99
83118,41
83224,2
83322,1
83341,8
83350,138
83512,0
83600,6
83799,4
83844,0
83957,0
84001,2
84031,2
84249,8
84265,2
84317,3
84367,8
84374,4
84407,5
84457,11
84481,2
84592,8
84791,2
84806,0
84808,0
84810,2
84887,2
85048,5
85233,67
85259,1
85282,111
85323,2
85341,1
85446,1
85462,6
85478,6
85534,3
85542,15
85639,2
85648,2
85764,256
85795,1
85892,79
85902,42
85941,6
86018,104
86071,1
86126,2
86131,0
86156,1
86187,41
86217,6
86477,2
86593,0
86603,4
86731,164
86774,1
86843,2
86873,0
86934,0
87014,2
87038,2
87090,4
87098,4
87142,2
87160,2
87170,4
87248,2
87283,0
87606,21
87651,3
87685,2
87808,103
87816,6
87904,8
87963,2
88036,0
88123,2
88314,4
88399,0
88440,8
88448,8
88560,75
88695,0
88717,41
88759,1
88815,2
88861,1
88905,2
88995,0
89011,2
89048,1
89060,2
89162,2
89212,0
89218,1
89463,0
89504,19
89531,10
89566,3
89606,0
89683,2
89834,41
89837,157
89849,2
89882,2
89912,2
90280,1
90454,7
90512,3
90766,5
90870,35
90871,1
91017,1
91074,4
91217,8
91226,6
91393,2
91465,41
91470,4
91502,2
91609,2
91645,2
91681,2
91734,6
91741,2
91789,1
91799,0
91897,1
91915,6
91949,24
92063,6
92086,4
92453,8
92517,19
92530,50
92624,2
92656,2
92764,2
92770,1
92825,1
92853,0
92900,5
92954,3
92968,0
93080,1
93105,5
93202,2
93280,8
93396,0
93441,1
93498,4
93522,4
93563,3
93696,2
93858,8
94065,0
94143,2
94213,32
94263,1
94321,0
94373,9
94529,3
94539,41
94553,2
94606,2
94733,17
94830,1
94927,2
94940,0
95016,2
95098,2
95440,2
95472,1
95685,1
95705,125
95734,41
95891,2
95896,0
95907,3
95944,6
95967,2
95989,8
96016,6
96058,6
96125,0
96168,1
96329,1
96512,1
96608,41
96682,9
96892,3
97090,1
97187,0
97260,2
97283,1
97310,2
97328,4
97375,5
97439,6
97458,2
97600,2
97706,1
97814,0
97951,0
98044,3
98048,8
98097,4
98521,2
98558,8
98618,5
98698,17
98720,1
98815,1
98827,41
98828,2
98830,4
98917,2
99109,8
99154,11
99195,0
99241,4
99263,2
99293,0
99389,1
99954,9
100001,3
100112,0
100207,2
100254,2
100273,41
100560,2
100586,8
100683,2
100692,2
100716,3
100725,1
100762,2
100792,2
100963,0
100968,41
100975,198
101024,2
101119,6
101206,0
101227,5
101242,6
101276,2
101310,0
101319,2
101460,216
101465,2
101485,19
101592,2
101626,0
101637,42
101752,8
101773,2
101863,2
101913,9
102110,0
102171,2
102215,15
102437,6
102472,41
102478,8
102536,2
102579,3
102695,2
102846,257
102929,1
102989,41
103037,4
103107,3
103427,1
103608,27
103805,0
103884,2
103941,0
104013,8
104027,8
104168,0
104173,46
104214,2
104373,2
104386,7
104443,7
104552,6
104569,1
104698,41
104777,0
104852,3
104918,3
104945,2
105094,4
105306,19
105318,2
105373,2
105569,4
105593,0
105657,5
105743,15
105832,2
105860,2
106161,2
106181,3
106244,41
106248,0
106255,6
106401,2
106523,4
106572,2
106608,8
106676,9
106686,2
106703,3
106826,0
106848,2
107046,1
107093,2
107164,2
107309,4
107399,1
107401,143
107511,224
107575,41
107580,1
107639,2
107659,2
107679,3
107866,0
107882,2
107887,8
107901,2
107911,9
107916,1
108097,112
108136,2
108150,2
108317,3
108390,2
108437,2
108485,1
108566,0
108656,2
108739,1
108831,1
108882,1
108959,0
109138,1
109141,6
109195,6
109322,8
109400,60
109407,2
109456,1
109538,0
109583,3
109609,15
109736,0
109868,1
109875,1
109883,4
109980,0
109987,42
110268,2
110426,0
110483,4
110508,0
110603,2
110728,1
110770,3
110898,0
110909,8
110984,3
111037,18
111242,14
111324,41
111334,2
111451,2
111475,3
111563,8
111564,2
111606,7
111765,1
111782,4
111822,2
111839,0
112015,8
112050,2
112096,1
112101,111
112109,7
112115,2
112116,1
112247,155
112268,2
112274,1
112327,44
112363,2
112431,19
112447,8
112483,147
112599,4
112651,8
112851,0
112924,4
113024,4
113058,19
113068,1
113092,8
113138,6
113196,48
113197,2
113206,2
113357,1
113388,8
113597,2
113598,2
113607,2
113650,0
113684,0
113752,17
113764,15
113770,2
113889,1
113957,17
113964,232
114004,9
114078,2
114134,0
114161,1
114190,2
114405,55
114438,2
114444,1
114509,2
114546,6
114606,2
114628,6
114652,2
114668,0
114669,1
114822,3
114835,41
114908,2
115072,2
115264,0
115268,2
115425,41
115550,8
115764,2
115897,2
115905,2
115933,17
115961,4
116086,5
116112,2
116131,0
116203,19
116278,2
116337,8
116339,1
116350,2
116368,2
116447,0
116493,5
116693,7
116717,2
116788,0
116848,5
116857,0
116920,80
116970,0
116979,2
117072,2
117173,3
117278,2
117283,2
117352,2
117551,2
117568,2
117618,2
117896,0
117964,4
118017,231
118051,1
118065,8
118162,8
118212,1
118275,6
118320,2
118486,2
118674,2
118799,1
118841,17
118937,52
119054,0
119099,2
119134,0
119192,0
119315,8
119490,2
119492,2
119530,3
119619,1
119790,3
119893,8
119923,2
120072,8
120116,19
120239,0
120299,2
120331,0
120375,2
120410,8
120523,3
120741,8
120756,2
120790,1
120951,0
120992,0
121032,20
121357,19
121454,245
121482,2
121670,1
121686,84
121790,24
121795,0
121800,1
121809,1
121874,41
121880,91
121888,8
122004,2
122039,8
122097,2
122223,49
122236,1
122253,0
122341,2
122389,2
122401,0
122466,2
122519,98
122563,216
122652,1
122693,0
122757,1
122837,0
123027,41
123051,8
123225,4
123317,41
123424,2
123521,2
123583,217
123618,2
123721,8
123892,28
123894,7
123951,4
124003,0
124085,2
124122,6
124160,1
124227,0
124251,0
124259,2
124260,1
124392,0
124399,2
124429,3
124474,1
124520,0
124653,41
124722,42
124738,2
124799,17
124821,0
124863,8
125006,21
125019,5
125225,0
125301,4
125452,2
125561,6
125585,3
125633,2
125637,1
125691,2
125701,2
125816,2
125849,2
125870,2
126176,2
126415,2
126430,3
126450,0
126485,0
126549,17
126567,2
126592,7
126644,2
126863,2
126886,2
127068,1
127071,2
127080,2
127120,3
127124,1
127136,6
127261,0
127396,2
127478,2
127616,2
127671,2
127710,4
127756,7
127855,0
127857,2
127892,3
127910,4
128038,2
128153,0
128194,41
128222,17
128262,4
128263,1
128303,2
128334,6
128500,6
128628,5
128710,56
128728,2
128870,2
128936,3
129103,19
129124,2
129266,6
129271,1
129404,4
129416,6
129428,1
129480,6
129585,2
129591,1
129644,1
129659,23
129676,0
129679,2
129745,1
130123,15
130179,169
130313,6
130344,41
130477,3
130578,2
130823,2
130849,41
130890,2
130942,2
130970,8
131005,144
131020,2
131082,1
131187,78
131209,1
131378,8
131573,2
131593,127
131603,8
131710,215
131733,4
131737,8
131828,41
131836,7
131868,0
132073,4
132091,0
132175,8
132250,2
132319,2
132370,1
132396,0
132482,0
132555,2
132634,7
132680,9
132684,2
132741,169
132785,2
132862,17
132866,63
132873,2
132901,2
132926,2
133188,15
133207,8
133231,1
133455,1
133483,4
133692,19
133718,8
133736,0
133739,2
133768,1
133769,8
133783,29
133881,41
133899,1
133966,1
133983,41
134008,41
134134,2
134145,0
134197,0
134205,5
134213,0
134309,2
134335,8
134574,0
134599,4
134641,4
134812,0
134931,167
134951,0
134972,2
135014,2
135019,4
135093,0
135279,11
135455,2
135467,74
135511,0
135583,8
135651,2
135770,55
135793,141
135795,8
135861,0
135953,2
136056,2
136102,21
136134,1
136161,2
136188,2
136212,1
136267,0
136299,0
136308,2
136322,29
136334,4
136357,4
136395,0
136410,2
136480,8
136725,10
136930,41
137021,1
137032,0
137288,2
137290,0
137334,153
137387,0
137517,3
137567,2
137677,9
137886,5
137892,0
137961,0
137967,6
138132,28
138134,4
138136,107
138324,81
138347,2
138409,6
138463,42
138478,0
138578,6
138614,1
138719,2
138750,5
138771,8
138867,0
139019,7
139237,2
139247,17
139330,0
139548,0
139596,4
139772,17
139854,8
139902,8
139958,0
139966,124
139983,2
140010,2
140011,0
140030,2
140080,231
140151,6
140163,2
140170,2
140245,2
140367,8
140382,3
140610,4
140815,1
140865,4
140874,8
140895,8
140905,2
141015,6
141079,39
141132,4
141138,6
141260,3
141264,9
141409,8
141446,1
141717,4
141728,6
141744,39
141783,2
141808,6
141814,2
141836,8
142071,17
142079,6
142216,4
142259,0
142296,41
142505,7
142574,0
142582,4
142606,55
142620,2
142625,0
142709,2
142738,2
142751,6
142776,4
142835,2
142998,6
143025,19
143126,1
143283,0
143429,6
143431,3
143434,8
143450,2
143688,0
143886,2
143928,4
144008,2
144028,2
144050,2
144197,5
144209,2
144417,8
144419,3
144456,2
144477,0
144582,1
144588,2
144604,1
144616,2
145067,8
145145,8
145505,0
145513,3
145779,0
145830,2
146112,2
146319,0
146401,5
146417,9
146492,2
146538,2
146584,17
146587,3
146649,2
146674,0
146923,3
146930,0
146955,4
146996,8
147023,2
147054,2
147067,17
147072,0
147091,7
147173,1
147200,2
147299,0
147311,2
147461,136
147495,0
147534,0
147597,234
147662,9
147672,2
147798,1
147854,2
147885,1
148186,1
148200,2
148279,83
148382,2
148401,2
148454,5
148554,0
148601,42
148615,73
148716,254
148800,6
148841,1
148851,0
148911,2
148937,4
148978,2
149008,4
149058,2
149079,245
149195,8
149210,1
149219,2
149306,2
149370,6
149563,4
149702,0
149708,2
149791,160
149796,2
149841,1
149980,6
149983,3
149991,0
150086,2
150099,2
150144,2
150266,5
150267,2
150286,4
150334,4
150435,1
150528,8
150543,6
150567,8
150788,8
150807,6
150887,2
150946,41
151000,2
151115,20
151307,19
151454,0
151529,184
151702,2
151772,19
151784,2
151803,4
151813,1
151821,2
151868,3
152053,2
152178,2
152196,23
152311,4
152496,2
152517,2
152549,48
152631,2
152673,2
152936,4
153201,17
153303,1
153420,4
153485,150
153489,4
153625,3
153751,8
153758,46
153880,6
154056,2
154120,2
154164,8
154336,4
154431,256
154520,2
154607,41
154669,19
154714,41
154721,2
154918,2
154927,2
154944,6
155015,2
155031,1
155120,41
155193,9
155247,15
155296,0
155315,2
155435,0
155752,2
155882,0
155966,4
156235,4
156269,8
156476,0
156612,2
156663,4
156801,5
156889,0
156895,17
157140,2
157163,2
157247,2
157328,0
157374,2
157543,3
157558,2
157633,11
157634,6
157712,0
157744,1
157754,8
157779,0
157954,8
158002,5
158003,6
158041,3
158199,1
158200,7
158310,2
158428,3
158479,4
158486,3
158499,8
158510,2
158537,2
158576,0
158589,2
158591,2
158610,70
158633,2
158755,0
158872,0
158876,2
158996,2
159034,17
159152,2
159172,1
159261,17
159324,9
159347,0
159519,145
159617,0
159624,177
159776,4
159881,0
159896,19
159929,2
160056,4
160119,1
160267,2
160363,2
160391,0
160558,5
160693,2
160697,0
160698,2
160700,0
160726,1
160970,1
161009,35
161156,2
161425,2
161459,2
161465,0
161472,2
161494,0
161603,8
161751,2
161758,19
161813,2
161881,2
162011,2
162114,6
162208,15
162265,9
162365,8
162366,2
162426,2
162736,1
162749,4
162957,2
163273,19
163302,4
163335,2
163446,2
163608,0
163639,0
163731,0
163795,2
163926,1
163946,108
163990,1
164040,19
164070,1
164122,3
164180,2
164234,3
164263,2
164281,2
164370,2
164378,2
164456,0
164469,2
164484,1
164517,2
164638,1
164672,2
164792,1
164815,17
164950,2
165143,5
165175,2
165346,0
165440,8
165445,0
165457,2
165562,0
165563,0
165605,41
165740,21
165751,0
165925,2
165975,0
166109,4
166128,2
166150,4
166182,41
166222,2
166240,2
166359,1
166395,8
166413,2
166438,6
166484,2
166513,1
166659,8
166729,17
166740,2
166780,2
166997,4
167020,4
167142,0
167366,6
167437,2
167532,6
167543,6
167683,4
167714,17
167736,0
167840,2
167978,2
168093,2
168150,6
168270,2
168305,0
168307,41
168381,2
168399,0
168406,1
168437,14
168548,2
168791,0
168856,3
168876,146
168935,1
169052,2
169130,0
169181,2
169198,42
169212,2
169301,162
169388,41
169467,249
169510,41
169569,6
169593,1
169688,8
169690,1
169810,2
169843,0
169888,6
169957,2
170030,2
170106,0
170165,13
170169,2
170199,184
170221,9
170293,6
170305,8
170343,1
170420,4
170621,4
170646,2
170713,1
170720,2
170773,8
170835,2
170891,13
170927,0
171130,2
171137,1
171172,16
171326,1
171360,2
171404,2
171428,2
171502,2
171560,66
171652,0
171878,2
172030,41
172032,54
172079,2
172107,2
172147,4
172225,1
172526,2
172562,2
172602,2
172612,2
172655,6
172734,6
172790,8
172995,189
173055,1
173247,0
173315,2
173335,17
173347,8
173408,0
173440,44
173500,19
173673,24
173691,1
173713,2
173763,6
173766,3
174169,0
174191,1
174438,8
174559,7
174746,5
174795,3
174839,5
174872,2
174900,8
174960,1
175004,41
175005,65
175112,62
175213,2
175240,1
175342,2
175382,1
175501,8
175532,4
175540,2
175578,4
175733,20
175908,3
175952,2
176002,2
176075,2
176183,2
176336,1
176376,2
176560,119
177021,4
177116,2
177168,1
177201,198
177267,19
177285,1
177439,8
177558,2
177692,4
177706,3
177880,2
178190,2
178193,2
178253,0
178254,0
178313,225
178314,2
178384,4
178404,2
178450,1
178571,2
178609,0
178682,4
178714,2
178715,2
178809,2
179063,5
179065,2
179208,3
179269,2
179329,2
179358,2
179477,5
179548,3
179595,2
179643,3
179765,4
179789,2
179792,6
179815,3
179948,4
179974,5
180010,23
180085,3
180116,0
180131,0
180378,0
180379,0
180606,7
180634,2
180681,0
180742,1
180790,8
180811,2
180847,4
180878,2
180983,2
181049,1
181123,8
181136,3
181203,0
181204,8
181235,7
181290,61
181377,3
181570,2
181777,6
181851,8
181946,2
182005,4
182021,0
182060,8
182109,2
182147,45
182171,0
182204,240
182271,2
182290,2
182337,2
182369,5
182410,2
182449,2
182469,14
182612,4
182773,8
182798,1
182814,4
182820,8
182876,8
182935,8
183060,2
183095,74
183429,39
183487,2
183545,41
183552,9
183867,8
183878,41
183900,221
183903,2
183910,2
183973,2
184289,0
184546,2
184581,1
184656,0
184730,8
184802,2
184922,0
184933,3
184935,4
185146,2
185151,7
185400,19
185408,41
185434,2
185482,2
185789,2
185806,2
185817,0
185880,2
185928,0
186056,2
186073,17
186260,41
186363,22
186665,3
186682,2
186711,45
186716,2
186848,8
186940,34
186990,1
187030,4
187059,2
187070,1
187134,3
187200,0
187269,41
187277,59
187326,8
187331,2
187350,7
187423,4
187468,1
187565,2
187602,42
187620,1
187692,1
187717,17
187742,9
187967,2
188023,17
188038,2
188076,9
188282,2
188351,1
188487,0
188577,5
188599,41
188979,0
189005,2
189035,43
189092,0
189097,41
189151,2
189158,186
189340,4
189375,41
189474,0
189526,2
189667,0
189872,2
190026,4
190076,1
190243,6
190282,263
190283,2
190315,45
190362,10
190371,2
190439,0
190632,2
190650,58
190719,4
190830,4
190890,2
191072,6
191079,42
191181,40
191269,1
191329,2
191369,1
191495,2
191499,1
191514,2
191540,9
191544,2
191573,1
191609,1
191699,2
191760,4
191795,2
191821,2
191939,0
191968,2
191979,2
191996,8
192043,8
192114,0
192146,17
192203,2
192223,199
192300,2
192358,0
192362,244
192404,17
192433,2
192607,0
192699,0
192719,2
192872,3
192954,45
192979,4
193016,121
193037,2
193209,2
193336,2
193338,6
193426,0
193527,3
193575,4
193589,0
193720,8
193725,2
193740,2
193903,21
193977,2
194038,2
194415,1
194421,2
194463,174
194478,9
194569,2
194596,3
194653,1
194709,0
194794,0
194839,2
194889,0
195012,1
195338,7
195417,8
195490,2
195632,41
195659,126
195756,41
195770,1
195792,8
195966,2
195973,6
195979,19
196079,2
196149,7
196203,16
196221,5
196260,2
196409,3
196557,4
196563,2
196650,0
196681,1
196871,1
196993,41
197099,1
197203,0
197221,206
197264,2
197398,10
197486,6
197488,41
197493,6
197526,7
197550,4
197724,8
197756,8
197837,98
197993,41
198001,0
198033,43
198058,9
198067,2
198087,0
198138,4
198199,3
198227,3
198274,2
198289,15
198347,8
198393,4
198410,4
198502,2
198534,13
198652,70
198806,2
198825,5
198890,0
198955,2
198957,97
199040,2
199209,2
199294,1
199295,6
199407,2
199408,2
199561,1
199576,19
199584,14
199819,8
199843,2
199845,2
199871,65
199907,1
199992,0
199997,2
200039,0
200184,2
200329,2
200464,2
200545,7
200575,1
200581,2
200690,16
200707,2
200716,1
200811,0
200821,2
200824,2
200952,2
200968,2
201174,1
201301,0
201358,0
201659,2
201668,4
201744,2
201775,2
201880,2
201919,2
201935,6
201967,2
202013,2
202139,2
202202,0
202280,1
202292,2
202328,2
202348,2
202416,1
202453,5
202476,9
202480,9
202586,42
202705,4
202712,19
202725,193
202729,41
202840,4
202852,2
202892,8
202942,0
203065,8
203093,1
203194,2
203199,1
203215,2
203279,218
203319,1
203353,0
203537,20
203547,7
203580,2
203632,4
203668,2
203736,7
203761,1
203770,0
203777,2
203910,2
203975,7
204266,1
204287,0
204304,8
204423,1
204442,1
204584,0
204657,30
204666,6
204693,2
204747,3
204768,1
204783,41
204787,2
204824,51
204843,0
204903,2
204997,8
205011,0
205022,0
205096,0
205136,2
205607,4
205649,0
205690,0
205799,0
205845,8
205875,2
205877,2
205889,4
205899,41
205952,18
206184,3
206347,6
206362,2
206474,19
206491,8
206515,0
206541,122
206582,1
206586,4
206588,3
206615,2
206662,6
206843,0
206858,5
206886,94
206918,1
206938,2
206954,18
207031,24
207128,2
207174,1
207498,17
207517,4
207626,1
207679,3
207710,2
207720,2
208051,2
208285,2
208323,6
208338,2
208353,0
208560,8
208597,20
208725,2
208796,19
208839,2
208867,2
208943,18
208948,2
209030,4
209039,2
209117,8
209254,14
209279,0
209434,17
209529,3
209566,0
209713,2
209755,0
209808,50
209810,2
209827,2
209852,2
209894,23
210137,0
210157,121
210177,4
210210,3
210259,0
210274,4
210325,0
210342,77
210369,0
210483,4
210559,0
210573,3
210737,0
210769,1
210784,1
210812,4
210816,4
211092,1
211106,0
211139,2
211401,53
211469,2
211554,4
211676,0
211679,6
211711,8
211743,1
211769,2
211921,3
211984,4
212049,159
212172,2
212227,2
212335,1
212658,2
212668,1
212822,4
212895,170
212937,1
212992,2
213105,2
213195,92
213200,41
213241,6
213429,0
213570,2
213658,2
213686,4
213828,2
213947,3
213953,28
214222,0
214239,6
214266,1
214282,2
214298,1
214357,4
214398,2
214409,9
214430,0
214474,8
214582,2
214640,1
214661,149
214751,20
214966,4
215001,1
215064,0
215143,7
215240,0
215247,9
215384,124
215404,2
215504,9
215546,0
215553,8
215575,7
215604,61
215658,1
216040,2
216112,2
216197,41
216261,7
216306,41
216324,2
216553,3
216737,0
216899,140
216921,4
216934,1
216948,2
216975,41
216989,2
217019,0
217108,20
217233,1
217580,0
217660,62
217670,2
217813,2
217859,2
217970,19
217974,4
218100,41
218283,1
218302,21
218309,5
218358,4
218530,2
218556,6
218612,1
218689,9
218801,4
218808,5
219059,144
219086,6
219128,143
219137,6
219199,5
219225,41
219488,189
219512,4
219594,2
219646,1
219804,3
219992,1
220016,0
220021,5
220085,2
220161,7
220220,1
220286,29
220544,2
220551,18
220559,196
220586,2
220805,1
220806,0
220811,9
220913,2
220936,0
220939,41
220946,0
221055,18
221082,3
221110,2
221175,6
221178,41
221220,41
221415,4
221568,1
221673,0
221679,2
221688,2
221829,0
221856,4
221882,17
221936,4
221980,0
222016,3
222085,6
222097,17
222140,0
222218,2
222226,3
222446,4
222464,2
222506,3
222535,2
222615,2
222678,32
222771,0
222779,54
222828,170
222880,1
222937,8
223024,2
223032,8
223119,3
223214,0
223490,2
223583,1
223897,8
223922,9
223969,252
223974,0
224053,8
224210,2
224365,0
224408,2
224412,5
224423,4
224563,41
224597,2
224598,0
224599,1
224628,0
224671,7
224723,4
224967,2
225169,6
225231,2
225546,6
225710,18
225727,42
225728,0
225848,99
225990,0
226055,3
226250,3
226274,57
226404,2
226455,8
226508,0
226574,2
226625,55
226766,21
226782,1
226890,185
226972,2
226974,2
227008,1
227024,2
227045,3
227055,1
227133,17
227243,8
227415,1
227430,19
227468,8
227508,16
227564,17
227681,0
227710,0
227937,7
228045,248
228054,2
228058,0
228072,156
228087,0
228198,39
228246,2
228274,2
228424,1
228440,2
228450,0
228464,8
228480,1
228490,41
228605,8
228659,8
228716,9
228789,6
228823,2
229004,41
229062,1
229096,2
229153,2
229182,19
229186,1
229306,41
229327,2
229370,17
229428,8
229458,0
229665,2
229688,2
229695,2
229728,2
229760,3
229788,0
229804,2
229847,1
229917,2
230146,5
230191,1
230476,61
230503,2
230538,6
230553,1
230786,2
230842,2
230863,17
230933,70
231105,7
231207,8
231213,7
231285,2
231318,24
231327,4
231357,84
231361,0
231480,1
231584,48
231589,9
231592,114
231678,2
231771,2
231897,73
231976,32
232061,2
232129,8
232137,6
232165,41
232192,8
232249,1
232366,186
232445,173
232467,2
232470,232
232596,192
232600,19
232720,2
232800,8
232871,2
232896,0
232899,2
233057,8
233099,2
233198,28
233203,1
233204,18
233210,1
233296,14
233364,0
233375,0
233416,2
233540,1
233554,6
233635,17
233664,0
233691,0
233705,0
233730,7
233763,2
233788,4
233798,0
233808,190
233887,2
233929,4
233957,2
234003,2
234053,3
234215,2
234219,6
234268,2
234272,0
234296,2
234311,2
234323,2
234328,7
234376,2
234395,2
234428,8
234589,2
234780,2
234898,1
234902,6
235043,147
235060,0
235072,0
235129,0
235150,2
235180,2
235203,1
235386,0
235450,41
235541,2
235633,2
235732,0
235788,8
236000,2
236092,0
236133,2
236209,235
236394,2
236421,2
236424,41
236434,3
236448,2
236508,9
236600,4
236635,7
236752,15
236843,2
236886,2
237042,7
237075,1
237233,7
237363,41
237394,5
237413,2
237463,2
237487,2
237497,3
237505,2
237529,6
237794,2
238015,2
238092,2
238144,3
238237,1
238258,1
238316,3
238392,2
238471,0
238481,0
238539,93
238600,19
238626,2
238948,2
239013,6
239252,19
239271,19
239339,19
239510,2
239545,8
239603,1
239647,0
239857,3
240135,1
240182,0
240284,15
240498,14
240562,2
240569,41
240672,4
240716,8
240721,0
240786,8
240877,3
240893,0
240963,2
241000,200
241102,6
241157,2
241329,8
241399,15
241485,2
241614,1
241616,2
241655,41
241656,4
241763,0
241861,1
241895,1
241913,2
241920,2
242087,1
242089,8
242117,0
242125,0
242235,17
242271,1
242332,8
242367,9
242407,2
242415,1
242443,2
242524,13
242599,1
242674,4
242688,72
242693,7
242732,4
242765,0
242940,9
243017,2
243034,8
243055,81
243082,2
243097,4
243174,8
243266,4
243310,1
243439,0
243446,2
243740,3
243806,7
243826,2
243828,7
243830,0
243876,6
243895,0
243934,2
244005,1
244104,3
244125,9
244183,2
244435,2
244445,2
244533,6
244551,5
244560,2
244579,1
244640,4
244743,3
244861,4
244891,2
245086,17
245249,8
245293,1
245324,9
245438,4
245528,4
245529,1
245576,2
245608,4
245742,8
245832,68
245857,2
245889,0
245916,41
245966,2
246202,4
246268,14
246330,20
246331,6
246375,1
246391,4
246409,4
246454,9
246501,0
246703,2
246744,3
246758,0
246814,41
246875,2
246960,133
247018,2
247055,1
247174,137
247178,1
247223,2
247327,1
247715,4
247766,2
247842,6
247927,8
247997,2
248028,1
248066,0
248087,5
248129,0
248148,3
248149,2
248231,3
248255,2
248398,17
248480,20
248555,2
248595,6
248709,2
248757,1
248893,4
248899,142
248956,148
249054,42
249267,2
249312,2
249314,6
249351,0
249441,1
249465,0
249512,8
249531,2
249549,3
249609,0
249638,0
249833,8
249891,0
249916,41
250013,0
250074,1
250083,6
250237,41
250283,0
250291,1
250293,5
250367,137
250407,15
250530,206
250536,2
250541,2
250559,174
250733,8
250737,2
250857,3
250957,91
251002,3
251041,2
251070,110
251407,4
251423,4
251437,9
251478,7
251480,1
251481,2
251502,1
251512,2
251628,1
251647,6
251805,1
251863,4
251913,2
252207,6
252331,24
252390,2
252464,201
252505,19
252668,2
252937,19
253060,3
253117,2
253196,2
253446,2
253456,2
253498,19
253531,13
253644,52
253669,8
253736,15
253737,8
253857,2
253930,4
254083,1
254163,0
254207,0
254212,2
254254,8
254256,1
254257,4
254360,1
254532,4
254687,4
254712,2
254747,2
254757,14
254893,0
254920,16
254956,5
255184,1
255194,4
255406,2
255457,1
255512,8
255599,8
255702,3
255795,2
255919,6
255946,7
256001,8
256013,1
256260,2
256301,3
256312,2
256314,4
256463,2
256494,2
256509,2
256520,1
256540,2
256617,0
256771,3
256775,0
256797,4
256930,41
256936,0
256980,2
257019,8
257020,0
257159,2
257228,0
257279,2
257290,4
257312,4
257331,2
257408,7
257590,2
257620,2
257646,5
257687,53
257697,4
257719,9
257794,4
258125,8
258137,6
258158,1
258170,41
258226,0
258236,0
258271,208
258289,1
258409,1
258428,6
258429,2
258430,2
258450,8
258502,8
258525,2
258632,8
258677,2
258848,2
258870,2
258917,1
259051,2
259127,2
259166,2
259290,2
259319,153
259444,0
259473,0
259564,1
259708,2
259910,3
259917,3
259964,2
260204,1
260221,19
260299,2
260343,4
260383,2
260438,2
260521,247
260533,23
260569,87
260602,2
260645,5
260671,1
260708,2
260719,6
260840,2
260963,0
261019,41
261159,8
261171,2
261289,8
261376,6
261404,2
261482,2
261559,2
261714,41
261804,2
261813,2
261830,6
261834,8
261873,21
261937,0
262036,227
262101,110
262145,2
262209,2
262296,41
262535,2
262565,4
262582,2
262657,2
262750,1
262772,8
262831,2
262905,2
262928,2
262930,1
263029,0
263045,2
263053,3
263268,8
263269,2
263392,41
263402,170
263460,2
263474,2
263547,1
263794,2
263801,7
263813,0
263815,2
263824,2
263839,2
263846,8
263853,2
263874,4
263882,2
263916,0
264063,106
264190,2
264318,0
264330,0
264675,2
264781,16
264785,41
264844,1
264851,6
264954,0
264960,2
265169,8
265372,2
265374,2
265449,2
265520,8
265598,1
265710,2
265751,2
265764,0
265849,8
265899,0
265943,2
265946,1
265978,0
266098,0
266099,2
266343,1
266396,133
266435,2
266589,8
266695,8
266839,3
266854,17
266870,2
266873,4
266879,4
266945,8
266963,8
267005,8
267029,3
267165,4
267192,0
267270,2
267297,6
267346,2
267422,1
267431,6
267524,17
267540,8
267584,17
267728,44
267740,106
267856,2
267872,0
267920,2
268010,2
268109,0
268119,30
268209,6
268347,2
268357,6
268380,0
268459,1
268493,2
268717,3
268741,0
268782,1
268798,2
268984,2
269223,0
269290,1
269291,24
269301,2
269337,5
269363,0
269407,132
269477,9
269553,4
269702,0
269723,43
269823,41
269884,2
269975,1
270120,2
270134,2
270173,5
270359,2
270406,8
270417,6
270443,0
270473,2
270533,0
270540,4
270635,1
270691,2
270775,42
270790,17
270791,7
270855,115
270885,2
271026,8
271067,2
271076,1
271160,2
271220,4
271245,2
271325,17
271355,1
271415,2
271461,3
271470,2
271492,4
271661,17
271714,1
271745,6
271832,2
271858,0
271979,0
272016,6
272111,3
272314,15
272341,0
272411,76
272518,1
272537,6
272580,2
272605,8
272875,4
272958,0
273086,5
273157,2
273174,2
273285,5
273349,187
273512,16
273632,2
273733,2
273748,4
273946,2
273996,248
274104,2
274264,2
274371,2
274375,8
274412,41
274459,2
274557,13
274616,8
274631,41
274719,4
274821,2
274857,1
274898,0
275138,4
275139,9
275294,8
275299,1
275361,7
275432,0
275614,8
275641,2
275666,3
275675,35
275696,0
275752,5
275897,1
275929,42
276117,41
276143,67
276207,0
276357,2
276455,0
276498,230
276640,3
276644,5
276752,2
276839,192
276897,2
277027,0
277114,7
277162,2
277278,203
277428,41
277456,9
277605,2
277607,0
277624,2
277660,7
277681,1
277693,2
277703,1
277733,2
277800,7
278090,2
278192,4
278208,2
278553,2
278557,5
278631,4
278694,2
278762,41
278853,0
278948,5
278962,9
279011,4
279153,2
279155,10
279184,8
279491,0
279662,5
279731,4
279835,2
280090,2
280171,2
280357,2
280401,3
280425,0
280472,6
280498,0
280542,1
280627,2
280675,51
280693,0
280706,2
280858,19
280893,1
280973,0
281004,219
281194,2
281195,2
281204,3
281275,0
281336,6
281342,2
281371,2
281382,2
281451,1
281494,8
281501,2
281562,3
281600,2
281642,1
281810,0
281932,4
282089,2
282245,5
282271,5
282441,2
282545,1
282565,41
282693,8
282825,14
282884,2
282930,1
282932,4
283095,2
283140,3
283230,21
283238,8
283305,7
283362,1
283423,0
283469,0
283486,3
283533,2
283914,1
283984,8
284000,7
284049,32
284176,1
284244,2
284312,14
284333,4
284420,3
284451,1
284489,2
284510,6
284570,9
284628,6
284736,41
284881,2
284934,8
285084,207
285128,171
285188,1
285380,2
285435,156
285541,8
285632,44
285665,4
285794,8
285933,4
286047,1
286071,2
286213,16
286389,2
286485,2
286558,2
286653,4
286671,2
286734,2
286766,0
286790,1
286830,0
286914,155
286918,4
286994,2
286998,0
287067,2
287138,2
287248,2
287595,1
287607,6
287692,8
287832,4
287894,250
287929,0
287937,0
288250,13
288297,8
288417,2
288589,261
288609,4
288779,18
288914,0
289030,7
289040,2
289042,6
289076,14
289153,1
289224,130
289262,2
289503,8
289532,159
289572,2
289635,0
289936,1
289972,2
289984,2
290222,2
290279,4
290302,2
290420,2
290477,1
290490,4
290535,55
290579,2
290672,2
290743,5
290942,41
290969,4
290985,2
291055,2
291142,0
291146,2
291177,8
291273,0
291282,2
291422,3
291512,62
291519,2
291650,6
291668,6
291789,0
291810,0
291849,0
291872,6
291951,261
292021,3
292113,2
292142,4
292186,1
292192,2
292204,2
292274,4
292308,1
292331,9
292382,1
292431,1
292578,0
292599,1
292751,1
292753,5
292784,1
292897,1
292905,20
292964,2
292965,2
292988,241
293034,2
293049,100
293382,2
293419,4
293457,4
293540,0
293560,4
293617,53
293651,0
293782,2
293805,14
293825,3
293870,2
293996,2
294078,0
294229,3
294473,2
294631,19
294634,246
294668,0
294739,4
294802,2
294917,42
294952,7
295053,17
295201,239
295240,2
295267,6
295294,3
295351,0
295366,1
295458,152
295497,4
295570,2
295622,109
295644,0
295743,3
295772,0
295784,6
295820,1
295825,157
295847,30
295855,2
295870,3
295894,2
295977,2
296044,2
296061,2
296267,9
296281,4
296453,57
296474,6
296513,5
296680,2
296795,2
296881,5
296926,2
296964,2
296971,1
297071,2
297072,2
297230,9
297249,4
297268,41
297295,17
297503,9
297515,6
297529,0
297542,6
297552,9
297673,1
297688,2
297823,1
297836,4
297848,0
298071,2
298128,6
298290,5
298308,2
298326,3
298348,3
298421,6
298503,2
298510,8
298577,7
298645,2
298693,1
298754,139
298845,4
298894,2
298916,8
299107,1
299309,2
299352,4
299451,2
299487,8
299503,6
299524,1
299540,0
299648,4
299731,1
299772,2
299947,201
300125,4
300200,0
300214,2
300260,8
300261,1
300324,8
300346,8
300364,8
300434,42
300443,3
300628,0
300745,2
300770,1
300773,0
300792,3
300803,4
300857,2
300977,2
300988,2
301071,20
301176,2
301315,8
301324,20
301325,2
301420,5
301458,7
301470,0
301512,2
301645,0
301729,0
301749,8
301794,41
301797,0
301924,178
302010,0
302011,0
302017,2
302166,42
302182,56
302409,2
302585,43
302592,1
302597,8
302612,2
302814,0
303047,9
303067,2
303083,6
303342,2
303356,5
303720,4
303731,2
303818,8
303859,2
303985,6
304025,1
304107,33
304182,0
304216,0
304335,8
304377,224
304382,4
304385,6
304578,8
304601,8
304628,2
304631,2
304638,1
304675,0
304833,1
304917,36
304941,41
304957,1
304981,8
305027,69
305031,2
305038,41
305075,5
305099,6
305154,2
305225,124
305249,4
305459,243
305480,1
305491,3
305524,2
305563,2
305665,210
305754,2
305761,154
305837,1
305939,3
305972,75
306027,0
306118,4
306228,7
306260,2
306294,7
306328,2
306423,1
306465,2
306490,2
306545,0
306583,0
306642,2
306859,1
306974,41
307001,26
307028,13
307087,1
307126,7
307133,2
307160,1
307171,0
307231,6
307237,2
307354,2
307360,4
307381,2
307410,41
307417,4
307454,2
307519,8
307531,0
307533,0
307552,2
307565,4
307624,0
307693,0
307727,5
307743,2
307839,41
307882,2
307908,2
308014,2
308105,1
308152,7
308231,17
308279,3
308286,52
308375,8
308466,4
308470,2
308499,2
308895,2
308916,2
308984,19
309014,4
309018,19
309020,52
309240,1
309382,3
309510,0
309526,1
309545,8
309644,8
309763,5
309993,17
310002,2
310066,4
310151,2
310232,6
310260,9
310306,3
310344,3
310438,0
310442,1
310457,2
310463,156
310496,2
310551,6
310574,0
310595,19
310605,6
310721,1
310723,4
310875,2
310994,19
311008,2
311081,8
311106,42
311114,55
311165,2
311318,2
311345,42
311432,3
311441,3
311461,3
311632,0
311660,7
311724,0
311780,2
311807,2
311855,4
311873,2
311915,8
311919,2
311921,2
311972,1
312140,4
312186,0
312241,6
312264,1
312423,2
312431,2
312453,1
312591,0
312675,19
312693,2
312715,5
312724,6
312726,8
312751,9
312791,1
312812,1
312837,7
312868,2
313131,1
313142,6
313234,6
313332,0
313378,2
313428,0
313520,17
313536,42
313546,6
313630,2
313677,65
313864,2
313928,2
313989,2
314051,5
314107,2
314116,2
314119,2
314154,1
314282,0
314297,171
314302,2
314341,2
314369,2
314403,4
314433,1
314539,2
314552,4
314669,2
314686,2
314698,1
314742,38
314857,1
315113,2
315179,0
315203,7
315239,240
315300,0
315310,0
315351,2
315381,19
315415,3
315462,0
315503,3
315547,1
315592,2
315595,0
315639,2
315757,50
315774,19
315813,223
315915,6
316115,3
316238,4
316394,7
316744,2
316904,0
316975,166
317111,8
317188,17
317264,2
317302,1
317331,0
317367,4
317390,1
317509,0
317567,176
317579,1
317588,15
317695,3
317791,6
317922,0
317941,0
318130,4
318222,1
318245,2
318339,2
318373,41
318410,2
318464,3
318681,3
318699,2
318701,2
318819,145
318877,2
318929,1
319009,0
319026,4
319083,8
319248,7
319413,2
319435,1
319455,8
319463,8
319530,2
319585,19
319649,2
319900,1
320086,93
320093,1
320227,3
320249,13
320286,1
320385,3
320388,2
320413,2
320489,41
320529,41
320601,8
320674,0
320734,8
320736,7
320926,1
320928,2
321029,3
321076,2
321089,0
321191,0
321288,6
321413,0
321451,0
321475,8
321542,2
321567,138
321618,191
321825,250
322028,0
322134,223
322388,0
322473,7
322475,8
322506,2
322533,9
322548,2
322686,8
322776,1
322799,1
322930,2
322932,18
322970,8
322998,0
323004,6
323089,41
323096,4
323100,190
323119,1
323153,5
323155,1
323159,0
323262,2
323312,8
323628,0
323809,2
323857,41
323879,2
323968,2
324011,5
324146,0
324227,2
324233,2
324254,166
324289,6
324303,8
324347,7
324372,4
324515,8
324544,8
324770,6
324839,2
324871,2
324939,6
325037,1
325177,4
325211,2
325220,2
325229,0
325283,7
325731,2
325734,1
325872,2
325926,22
325932,41
325970,8
326126,3
326167,2
326184,8
326322,8
326336,13
326393,0
326432,0
326447,9
326526,2
326534,2
326538,6
326551,2
326649,1
326721,0
326767,2
326853,149
326972,2
326999,3
327120,0
327152,0
327184,5
327350,2
327351,9
327361,103
327593,9
327651,161
327711,8
327843,208
327903,4
327961,8
328043,0
328057,5
328100,29
328216,3
328336,1
328382,4
328446,2
328467,2
328567,0
328605,0
328689,2
328777,2
328807,8
328881,4
328887,8
329006,1
329021,0
329051,2
329073,2
329179,0
329338,2
329368,2
329500,1
329529,42
329618,194
329666,0
329937,2
329987,2
329999,0
330019,2
330057,41
330083,2
330088,2
330170,3
330323,1
330451,2
330460,2
330469,0
330759,41
330895,2
330994,2
331059,2
331149,0
331156,45
331277,6
331302,1
331317,2
331369,1
331454,3
331545,2
331719,8
331775,4
331879,21
331888,1
332160,2
332455,2
332513,2
332520,0
332527,2
332688,0
332772,6
332840,21
332845,2
332897,0
332938,2
332984,4
332997,2
333029,2
333119,2
333132,3
333416,17
333455,0
333512,2
333515,2
333561,218
333677,41
333722,0
333844,0
333856,39
333901,2
333953,3
333983,4
334108,3
334145,2
334156,1
334189,1
334195,4
334246,38
334264,11
334398,2
334426,0
334483,0
334632,0
334638,37
334688,22
334759,8
334839,1
334912,2
334917,6
334931,2
335059,2
335120,2
335217,0
335328,6
335430,1
335606,4
335767,2
335813,1
336009,0
336115,2
336233,0
336353,3
336464,2
336521,7
336572,0
336667,55
336816,2
336828,0
336833,0
336860,2
336892,19
336924,41
336984,2
337006,0
337104,3
337172,0
337224,7
337234,66
337334,1
337342,1
337385,8
337490,2
337649,5
337906,21
337914,9
337934,3
337958,2
338017,4
338129,151
338196,3
338243,3
338395,0
338493,4
338541,1
338747,4
338906,8
338973,0
339052,1
339173,4
339308,0
339348,29
339378,9
339387,2
339429,1
339513,0
339586,2
339642,0
339824,41
339845,2
340009,2
340062,7
340068,0
340136,2
340189,2
340372,3
340425,2
340573,2
340636,2
340723,4
340759,4
340894,2
340974,8
340987,0
341236,6
341247,2
341321,3
341344,8
341561,1
341829,9
341868,0
341951,26
342040,2
342072,41
342143,2
342159,2
342188,0
342626,0
342634,4
342643,1
342659,2
342681,19
342839,0
342853,39
342877,2
342926,230
342947,0
343048,4
343170,0
343191,4
343209,73
343222,0
343280,0
343285,3
343298,259
343338,1
343475,128
343502,17
343503,3
343677,4
343687,8
343831,0
343941,2
343967,2
343991,2
344054,0
344144,2
344182,2
344212,0
344292,2
344423,25
344484,239
344501,6
344522,1
344568,2
344598,2
344662,2
344676,6
344699,1
344911,123
345017,1
345076,8
345130,2
345158,1
345219,41
345242,3
345244,33
345487,101
345662,131
345685,1
345696,1
345918,4
345973,0
345981,130
346314,9
346501,1
346513,8
346521,0
346555,4
346931,6
347053,2
347324,4
347380,251
347445,105
347640,2
347689,191
347729,8
347750,71
347912,8
347969,185
348007,2
348055,2
348066,4
348111,2
348116,1
348164,0
348171,0
348203,58
348211,1
348342,1
348344,2
348382,4
348491,2
348578,25
348634,0
348703,7
348706,1
348818,3
348901,9
348975,8
348978,0
349282,1
349305,154
349350,4
349373,67
349410,129
349545,7
349771,1
349812,1
349914,2
349930,1
350052,5
350094,8
350126,9
350259,4
350408,28
350436,2
350444,18
350468,4
350568,2
350648,2
350680,1
350698,5
350717,8
350743,2
350746,2
350807,1
350849,3
350867,2
350984,17
351053,2
351389,2
351402,62
351520,0
351897,80
351955,17
351967,211
352136,1
352165,5
352173,8
352252,2
352416,8
352482,21
352518,5
352581,2
352669,2
352723,4
352869,2
352886,2
352901,2
353056,8
353078,2
353091,2
353119,2
353181,2
353236,0
353255,1
353309,0
353406,0
353477,5
353496,8
353540,41
353572,17
353610,7
353707,0
353709,2
353818,8
353836,4
353968,0
354053,2
354079,1
354118,42
354121,2
354132,8
354133,3
354238,8
354285,2
354499,5
354608,2
354688,2
354703,1
354732,6
354763,2
354849,2
354917,4
355057,17
355251,236
355372,2
355400,1
355575,4
355598,65
355752,2
355773,2
355797,2
355819,0
355831,2
355914,2
356064,141
356131,0
356230,2
356286,2
356287,265
356380,2
356392,19
356496,4
356604,8
356644,2
356874,1
356893,4
357163,92
357246,8
357290,3
357312,3
357390,8
357407,9
357690,2
357750,4
357762,0
357807,0
357812,6
357832,2
357899,8
357911,2
357965,17
358042,0
358113,6
358208,2
358248,1
358295,2
358399,7
358504,21
358587,9
358601,4
358648,4
358660,2
358709,233
358719,1
358864,3
358868,3
359045,8
359090,2
359129,7
359304,8
359327,3
359421,2
359563,2
359570,2
359590,0
359612,4
359719,4
359731,43
359780,2
359917,6
359965,8
359976,6
360006,1
360103,0
360184,0
360199,8
360539,2
360630,109
360637,0
360760,2
360811,0
360858,2
360886,4
360913,2
360964,0
360965,2
360983,0
361092,8
361102,1
361111,2
361215,6
361246,57
361299,0
361361,2
361380,0
361388,2
361391,0
361394,0
361449,2
361533,8
361556,9
361708,4
361776,1
361793,1
362133,1
362146,6
362159,1
362284,2
362393,2
362473,128
362750,1
362773,8
362850,8
362855,0
362863,0
363138,2
363156,6
363265,6
363314,1
363459,2
363517,2
363537,3
363679,2
363777,44
363839,41
364114,6
364238,0
364275,177
364280,0
364394,6
364445,1
364448,4
364460,188
364545,2
364558,25
364819,8
364889,2
364892,4
364906,253
364939,0
364987,2
365019,1
365177,19
365260,1
365271,2
365278,4
365283,8
365360,127
365361,4
365392,9
365431,1
365718,194
365842,4
365882,8
365895,5
366079,2
366086,8
366236,0
366244,0
366296,2
366315,0
366435,207
366509,8
366547,4
366697,2
366819,2
366887,2
367110,0
367144,2
367233,4
367241,84
367252,2
367384,5
367433,2
367587,2
367609,2
367637,26
367765,2
367810,2
367814,2
367838,107
367870,6
367872,8
368071,43
368114,22
368263,15
368381,41
368424,2
368464,2
368522,19
368536,2
368621,63
368649,42
368759,42
368774,2
368951,8
369147,5
369171,0
369204,0
369261,0
369413,4
369460,1
369490,0
369534,19
369556,1
369571,4
369590,0
369605,2
369820,4
369857,0
369999,0
370013,2
370015,1
370077,2
370086,211
370197,1
370230,14
370342,8
370396,2
370420,244
370608,4
370768,101
370784,41
370808,0
370837,150
370926,4
370958,6
371006,2
371044,8
371152,6
371185,2
371330,55
371424,14
371460,5
371517,1
371561,2
371569,2
371707,0
371710,76
371770,0
371802,3
371815,2
371836,5
371900,1
371959,1
372220,4
372380,0
372411,4
372426,2
372439,5
372462,4
372490,5
372628,1
372655,0
372686,2
372717,4
372830,2
372888,1
373025,41
373145,3
373180,2
373314,0
373392,0
373447,2
373450,2
373541,233
373560,2
373616,4
373774,1
373959,19
374035,1
374158,1
374191,62
374333,6
374432,3
374479,3
374487,9
374578,2
374584,19
374677,2
374726,2
374764,2
374927,178
374993,0
375007,8
375098,17
375125,41
375134,3
375274,8
375447,1
375455,2
375487,2
375489,2
375528,2
375596,8
375693,2
375781,3
375893,2
375932,8
375952,123
375980,2
376074,2
376077,0
376135,0
376202,1
376244,2
376282,2
376360,8
376468,4
376509,6
376576,1
376638,4
376657,0
376686,7
376701,2
376706,1
376716,0
376721,2
376801,2
376894,42
376954,0
377082,8
377144,2
377326,1
377505,4
377573,6
377574,2
377620,254
377745,4
377777,2
377796,2
377895,0
377950,4
377980,1
378177,3
378356,33
378360,1
378426,2
378427,3
378468,3
378491,1
378537,2
378704,2
378791,0
378843,4
378884,2
379018,2
379050,41
379133,2
379171,3
379229,0
379347,5
379356,4
379370,44
379478,0
379544,2
379645,8
379729,2
379871,3
379964,2
379968,8
380015,2
380026,32
380171,2
380245,1
380474,8
380545,0
380639,36
380756,2
380855,1
380880,2
380993,4
381166,3
381206,4
381220,0
381271,0
381324,0
381363,2
381465,2
381522,2
381591,0
381674,2
381692,19
381749,1
381809,41
381915,32
381981,2
382059,2
382061,2
382207,1
382230,8
382308,4
382395,10
382439,0
382466,1
382506,4
382650,6
382671,41
382795,4
382821,3
382928,0
382937,0
383094,21
383134,3
383206,41
383216,2
383251,41
383466,8
383485,1
383694,9
383836,1
383843,8
383934,1
384004,4
384085,196
384094,4
384173,2
384265,1
384408,1
384410,4
384428,1
384436,0
384444,0
384457,7
384463,2
384477,0
384546,0
384553,8
384586,6
384668,8
384791,3
384839,1
384987,7
385051,41
385231,2
385406,13
385414,0
385441,2
385482,41
385548,8
385589,0
385634,2
385702,2
385990,41
386022,6
386150,27
386179,257
386188,8
386329,0
386374,1
386382,3
386478,240
386564,2
386700,30
386737,4
386781,17
386839,0
386994,41
387001,8
387284,1
387307,2
387418,1
387504,21
387748,41
387751,2
387811,1
387913,2
388066,2
388128,4
388147,2
388218,4
388306,4
388322,0
388340,2
388450,42
388477,34
388583,17
388618,2
388635,26
388673,4
388702,3
388719,6
388724,2
388824,5
388887,0
388897,8
389031,8
389079,19
389236,4
389286,2
389314,2
389370,151
389390,9
389434,2
389495,2
389541,8
389581,4
389654,2
389691,6
389791,8
389819,2
389849,1
389900,0
389930,9
389980,5
390071,0
390105,2
390111,2
390241,2
390320,1
390490,0
390628,129
390811,19
390880,20
390969,2
391116,2
391224,2
391237,8
391244,0
391260,6
391398,2
391437,2
391583,9
391592,0
391593,9
391660,6
391723,4
391867,2
392078,0
392245,2
392709,2
392736,3
392778,135
392807,8
392981,13
393221,1
393249,2
393297,2
393438,2
393466,6
393492,2
393541,41
393565,2
393596,42
393645,5
393695,5
393725,0
393764,5
393805,4
393879,5
393918,9
394005,1
394029,0
394105,6
394116,129
394135,2
394144,2
394206,0
394218,2
394327,3
394515,2
394587,0
394628,2
394678,3
394814,0
395143,41
395393,2
395478,4
395707,8
395753,2
395770,2
395798,1
395799,4
395807,2
395815,2
395874,6
396104,1
396253,1
396281,2
396373,2
396522,1
396537,6
397025,8
397131,0
397163,2
397177,9
397200,236
397209,2
397450,0
397570,2
397572,8
397712,9
397764,2
397774,7
397827,40
398005,33
398106,4
398183,2
398197,1
398236,2
398328,0
398428,0
398492,234
398655,4
398876,0
398983,41
399015,2
399338,8
399583,6
399601,2
399688,1
399987,2
400038,78
400068,4
400133,15
400139,81
400193,35
400276,2
400279,2
400522,104
400750,2
400929,2
401023,1
401025,2
401052,4
401082,258
401098,4
401254,252
401330,6
401441,0
401531,0
401715,55
401787,0
401798,7
401888,0
401903,2
401907,5
402210,1
402224,2
402290,1
402382,4
402406,0
402437,17
402571,2
402616,2
402950,117
402953,3
403188,2
403197,51
403202,21
403305,1
403373,3
403528,4
403568,227
403871,205
403919,0
404042,1
404055,51
404061,152
404078,4
404138,2
404151,2
404205,2
404250,2
404301,0
404310,2
404367,1
404481,11
404621,16
404731,4
404736,1
404898,4
404907,1
405024,2
405045,2
405091,2
405164,1
405279,4
405364,6
405414,1
405484,0
405628,8
405639,5
405667,6
405698,7
405947,2
405965,4
406031,0
406150,3
406347,2
406348,4
406422,105
406433,0
406563,41
406590,1
406647,42
406797,2
406814,8
406895,3
407018,2
407376,2
407392,2
407395,0
407457,8
407536,2
407657,0
407763,2
407804,41
407954,8
408140,172
408155,8
408343,220
408509,2
408593,2
408783,1
408800,1
408929,3
408938,0
408998,4
409005,4
409056,0
409136,21
409268,41
409312,2
409529,6
409565,2
409635,2
409655,8
409663,4
409720,1
409750,4
409787,2
409789,2
409793,80
409860,71
409918,2
410014,2
410256,2
410309,1
410311,2
410371,5
410407,1
410450,41
410547,1
410550,2
410582,0
410608,0
410613,1
410617,2
410705,6
410815,9
410861,0
410909,2
410979,19
411075,21
411091,2
411204,0
411328,210
411345,1
411505,5
411613,8
411677,2
411909,2
411973,2
412002,1
412074,5
412104,6
412133,203
412150,2
412277,2
412313,2
412373,1
412383,8
412619,0
412729,249
412863,2
413039,41
413062,2
413071,1
413073,225
413092,2
413131,4
413140,4
413171,1
413193,23
413282,2
413301,4
413505,2
413609,7
413743,2
413804,247
413812,2
413905,251
413933,41
413950,41
414022,8
414146,1
414234,2
414309,3
414324,1
414359,8
414571,1
414591,78
414613,4
414700,9
414775,3
414802,1
414911,1
414998,0
415035,8
415173,2
415176,260
415230,3
415404,148
415474,4
415479,4
415849,2
415861,1
415871,2
415873,63
415874,2
415892,1
415980,1
416025,4
416091,0
416096,5
416482,0
416487,0
416655,264
416718,4
416757,2
416803,38
416856,1
416903,1
416951,1
417014,2
417100,8
417104,1
417144,0
417253,1
417401,2
417408,3
417490,2
417517,24
417556,8
417567,0
417599,8
417645,8
417696,100
417743,1
417781,1
417787,19
417842,3
417850,0
417858,42
417866,41
417881,39
418088,15
418177,181
418179,20
418260,8
418325,0
418333,8
418467,2
418579,2
418597,5
418818,2
418861,83
419150,1
419151,0
419290,2
419392,2
419502,220
419681,36
419850,2
419996,2
420156,0
420349,1
420376,2
420554,0
420556,6
420604,58
420640,2
420786,4
420852,0
420934,17
420995,2
421020,8
421104,1
421119,6
421341,2
421657,6
421725,2
421759,1
421806,19
422002,0
422009,2
422063,1
422140,2
422511,95
422529,2
422631,1
422661,2
422753,6
422783,2
422858,3
423113,4
423155,7
423199,3
423309,3
423368,1
423416,1
423511,6
423514,8
423546,241
423685,0
423698,7
423714,2
423780,0
423806,3
423940,4
423990,3
424034,2
424046,2
424212,2
424225,2
424239,0
424263,4
424445,1
424489,0
424623,5
424627,1
424661,2
424761,2
424847,19
424900,24
424956,6
425025,2
425036,2
425064,2
425075,3
425076,68
425095,1
425101,2
425122,1
425217,8
425231,17
425261,2
425336,3
425406,0
425423,1
425442,15
425510,7
425669,1
425747,8
425760,2
425824,0
425826,15
426043,21
426078,1
426297,2
426299,0
426307,2
426327,0
426376,1
426526,0
426529,2
426627,1
426647,3
426724,19
426794,7
426935,10
427085,2
427265,2
427304,2
427356,44
427377,2
427383,136
427452,2
427609,2
427785,68
427875,0
427888,11
427915,1
427977,0
427995,4
428081,4
428300,2
428613,1
428709,41
428743,2
428799,1
428836,0
428900,4
428905,4
428913,42
428997,2
429007,5
429261,8
429469,115
429494,3
429582,8
429724,90
429789,0
429908,6
430032,42
430075,68
430083,6
430229,16
430232,2
430419,4
430532,1
430551,41
430878,8
430981,0
431012,1
431076,2
431174,2
431235,41
431259,3
431266,3
431306,2
431357,2
431388,2
431437,0
431598,1
431654,2
431675,1
431753,6
431768,3
432077,1
432135,2
432170,19
432189,3
432301,2
432387,42
432414,2
432471,29
432489,2
432509,8
432674,2
432828,22
432846,3
432900,2
432935,61
432960,112
433073,2
433148,1
433186,4
433194,6
433204,0
433263,250
433410,9
433461,41
433476,3
433495,6
433572,6
433709,2
433769,161
433770,4
433805,8
433847,3
433923,0
434035,2
434306,9
434315,2
434322,0
434359,0
434434,2
434467,0
434479,2
434564,5
434597,8
434794,63
434795,8
434806,41
434847,1
434953,1
434981,1
435051,2
435284,4
435347,4
435353,2
435382,6
435405,2
435418,2
435427,9
435488,1
435498,0
435607,5
435639,2
435641,3
435676,3
435933,9
436163,3
436202,2
436261,4
436307,1
436321,6
436368,2
436486,41
436552,2
436635,8
436741,8
436792,5
436812,3
436847,3
436999,1
437039,0
437160,0
437177,6
437223,1
437239,0
437262,4
437265,2
437283,3
437367,3
437504,48
437782,2
437940,3
437945,7
438167,2
438239,9
438270,2
438317,8
438402,41
438411,2
438433,117
438451,6
438473,8
438709,2
438839,3
439373,15
439408,8
439427,0
439432,8
439577,5
439726,8
439828,0
439917,48
440091,2
440128,2
440214,2
440235,0
440237,2
440271,17
440273,2
440293,2
440294,0
440357,0
440383,8
440391,2
440527,0
440552,2
440577,6
440618,15
440636,1
440639,1
440654,5
440691,2
440789,1
440803,1
440846,2
440849,2
440878,5
440880,2
440891,0
440899,3
441265,42
441336,173
441345,8
441417,0
441426,2
441597,2
441637,0
441648,4
441650,1
441708,0
441764,8
441813,0
441832,2
441946,5
441948,2
442003,3
442071,2
442112,2
442177,0
442384,3
442405,0
442701,4
442763,2
442807,25
442933,2
443001,0
443149,0
443160,2
443170,1
443282,2
443388,2
443456,0
443545,4
443558,9
443588,2
443640,2
443669,0
443813,0
443826,6
443920,6
443931,2
443940,2
443956,2
443967,5
444289,4
444562,2
444629,1
444855,41
444926,4
444960,19
445009,2
445176,2
445262,2
445452,41
445493,1
445495,2
445803,237
445841,8
445856,85
445971,2
445982,31
446045,0
446050,113
446066,5
446078,2
446115,41
446223,2
446328,2
446340,1
446546,2
446555,2
446693,2
446711,0
446723,4
446795,41
446818,228
446821,253
446856,8
446953,2
446986,2
447220,0
447411,2
447427,5
447436,3
447557,2
447590,3
447692,235
447712,8
447713,8
447745,8
447773,8
447879,3
447989,1
447991,0
448028,4
448030,3
448174,2
448193,0
448254,172
448267,1
448278,8
448319,0
448407,0
448562,2
448630,8
448698,2
448720,3
448738,3
448801,2
448814,0
448942,2
448995,0
449059,3
449094,1
449230,2
449294,2
449372,19
449379,41
449674,2
449694,22
449813,8
449984,0
450193,1
450285,2
450324,37
450343,8
450360,0
450502,2
450522,8
450533,76
450541,2
450563,7
450620,6
450656,7
450926,24
450957,0
451116,2
451182,7
451265,54
451306,2
451378,2
451384,2
451932,2
451963,0
452058,1
452078,0
452122,7
452129,2
452212,2
452274,8
452275,16
452312,2
452325,2
452328,6
452480,0
452483,2
452544,0
452564,2
452593,4
452617,7
452717,2
452915,41
453022,90
453052,2
453188,1
453300,5
453313,3
453333,2
453356,2
453398,52
453531,37
453652,3
453675,3
453710,2
453892,8
453911,0
454043,0
454077,2
454163,2
454361,1
454418,2
454463,2
454506,2
454623,2
454690,3
454769,6
454904,2
455051,2
455088,1
455127,1
455426,7
455439,8
455487,3
455503,4
455737,1
456033,0
456098,2
456279,2
456550,2
456552,2
456559,2
456729,2
456734,2
456753,4
456776,3
456875,8
457212,1
457232,0
457397,6
457549,0
457608,41
457626,2
457649,226
457672,4
457969,1
458016,2
458023,8
458026,2
458033,6
458069,1
458076,6
458190,8
458294,17
458296,1
458320,2
458321,1
458427,2
458524,2
458569,0
458592,3
458641,1
458642,2
458707,4
458730,2
458738,5
458743,0
458855,1
458878,4
458936,2
458972,3
459023,2
459041,8
459201,4
459296,15
459433,8
459632,2
459666,10
459690,1
459857,0
459987,3
460073,6
460109,2
460211,4
460309,1
460394,0
460411,8
460433,2
460588,4
460605,1
460698,6
461022,2
461139,19
461169,1
461195,2
461239,2
461311,8
461471,0
461529,1
461569,0
461679,4
461691,6
461706,2
461744,7
461749,1
461857,41
461925,15
461938,4
461959,0
462055,7
462211,1
462289,8
462342,2
462415,4
462533,6
462543,6
462573,2
462828,1
463043,5
463143,8
463296,2
463326,2
463339,1
463464,34
463496,15
463510,2
463516,14
463772,8
463848,56
463863,1
463904,24
463956,2
464080,4
464085,0
464159,237
464390,217
464427,41
464553,0
464750,3
464968,1
465071,17
465152,8
465172,2
465190,0
465301,8
465421,41
465542,2
465607,8
465677,2
465702,8
465703,2
465762,2
465791,2
465807,19
465958,3
466013,3
466118,5
466159,1
466435,7
466479,0
466686,4
466694,62
466789,2
466805,2
466819,0
466915,9
467009,2
467015,8
467078,2
467085,41
467147,1
467219,21
467329,41
467495,2
467514,8
467565,2
467579,41
467601,1
467746,2
467779,6
467820,4
468018,204
468081,2
468347,8
468411,8
468426,2
468455,2
468530,2
468536,25
468605,19
468636,163
468650,11
468663,8
468680,19
468780,10
468802,6
468826,202
468904,6
468935,19
468944,10
468991,17
469008,41
469092,238
469142,2
469163,17
469216,10
469427,11
469528,1
469531,19
469649,96
469656,19
469736,10
469866,3
469912,10
469931,2
469974,2
469989,19
470050,19
470072,10
470091,19
470169,10
470203,2
470241,19
470275,10
470291,10
470293,118
470371,10
470386,168
470411,8
470488,11
470570,10
470610,19
470663,8
470723,19
470860,17
470875,8
470906,17
470926,11
470949,2
470976,10
470994,66
471011,8
471092,0
471136,2
471316,255
471343,19
471387,19
471516,168
471673,2
471682,19
471731,17
471757,11
471845,222
471871,11
471976,4
471981,0
471994,8
472103,8
472192,19
472278,19
472287,2
472290,8
472477,19
472489,19
472497,19
472563,0
472588,10
472607,242
472627,19
472671,8
472817,10
472845,19
472963,11
472970,17
472976,8
472977,19
472980,10
472996,19
473008,19
473152,11
473243,42
473245,11
473265,8
473322,19
473344,11
473346,11
473388,19
473389,6
473454,8
473467,10
473486,10
473505,8
473516,2
473517,99
473581,42
473583,19
473625,10
473689,95
473720,8
473767,19
473851,10
473953,2
474014,131
474047,8
474078,3
474167,8
474189,2
474195,0
474225,10
474301,0
474321,8
474336,17
474393,10
474452,19
474573,11
474603,6
474752,19
474811,19
474875,209
474938,11
475085,8
475155,213
475318,19
475326,8
475417,11
475437,19
475445,202
475466,0
475486,8
475588,19
475591,8
475658,11
475750,11
475761,10
475932,11
476016,17
476041,10
476161,0
476224,0
476278,88
476313,19
476327,0
476333,10
476337,3
476429,1
476484,6
476548,6
476578,19
476664,2
476692,19
476780,17
476782,10
476814,8
476827,10
476921,17
477027,17
477033,8
477047,10
477099,8
477135,19
477149,19
477238,41
477267,19
477287,69
477387,202
477408,175
477416,158
477446,10
477478,1
477490,10
477548,10
477561,11
477582,10
477632,11
477645,8
477653,1
477674,19
477760,10
477814,19
478011,11
478062,8
478065,41
478358,17
478490,19
478512,11
478519,8
478532,17
478543,11
478644,19
478655,2
478671,134
478758,19
478776,17
478787,19
478913,10
478967,17
478989,212
478999,10
479003,19
479032,38
479052,19
479125,19
479203,10
479213,49
479307,0
479477,19
479508,1
479570,10
479589,19
479605,10
479619,19
479640,19
479722,17
479774,17
479829,17
479984,3
480046,3
480157,10
480208,8
480234,102
480240,0
480251,19
480295,8
480392,42
480431,14
480464,1
480471,8
480562,42
480567,1
480727,19
480759,2
480773,255
480878,11
480941,10
480975,10
481207,165
481270,17
481289,8
481310,181
481323,2
481383,8
481405,8
481586,19
481645,19
481649,10
481663,19
481698,8
481716,10
481859,19
481897,11
481923,260
481938,10
482045,10
482087,10
482096,8
482103,6
482133,180
482144,8
482244,19
482281,10
482318,10
482447,17
482531,11
482560,0
482639,2
482689,19
482744,19
482784,19
482805,2
482879,2
482919,2
482935,2
482949,17
482970,10
483026,10
483234,8
483271,10
483302,17
483316,8
483377,134
483411,19
483419,19
483437,96
483556,17
483563,0
483619,4
483666,2
483683,19
483723,10
483813,200
483900,10
484020,10
484024,8
484048,120
484079,19
484091,19
484126,19
484173,8
484199,8
484370,17
484378,193
484491,176
484562,82
484623,19
484645,19
484754,19
484867,10
484993,17
485032,5
485037,0
485085,19
485111,8
485142,17
485183,0
485315,11
485362,5
485378,2
485382,19
485383,2
485401,4
485441,8
485478,10
485667,158
485688,49
485696,11
485721,8
485742,19
485774,6
485815,8
485867,26
485927,8
486033,10
486068,8
486217,3
486407,8
486465,8
486611,4
486709,19
486723,8
486842,2
487015,19
487027,59
487182,8
487196,2
487223,27
487305,19
487361,19
487465,197
487578,88
487628,0
487636,19
487752,0
487760,8
487821,11
487869,2
487930,6
487949,19
487967,15
488059,19
488080,2
488090,10
488124,200
488283,41
488323,19
488382,17
488435,19
488446,4
488494,3
488531,17
488537,8
488543,8
488557,2
488591,17
488592,3
488611,11
488651,10
488652,1
488802,19
488832,11
488843,11
488995,180
489311,8
489392,0
489422,8
489450,59
489452,8
489499,2
489562,2
489600,8
489767,8
489832,222
489835,10
489881,5
489890,10
489902,41
489950,8
489965,218
490130,1
490227,19
490253,8
490265,8
490297,19
490348,8
490359,238
490361,8
490403,163
490440,19
490515,8
490528,6
490551,11
490599,19
490689,2
490694,10
490768,212
490784,0
490842,168
490876,11
490902,6
490912,19
490963,10
491109,21
491120,10
491207,19
491208,10
491337,8
491412,209
491450,116
491453,19
491469,17
491495,1
491504,2
491513,11
491545,165
491638,10
491749,11
491863,19
491876,19
491935,8
491978,77
491991,0
492008,19
492011,0
492097,17
492232,1
492248,17
492304,8
492319,11
492346,10
492392,19
492419,10
492421,19
492512,4
492573,10
492574,8
492603,17
492625,17
492654,19
492765,17
492820,2
492839,8
492846,2
492860,2
492991,10
493217,17
493231,11
493254,11
493280,8
493373,0
493454,19
493464,19
493517,10
493525,19
493548,11
493611,17
493777,4
493782,19
493818,10
493896,2
493912,7
493929,17
493932,15
493933,242
493981,8
494036,17
494048,26
494063,10
494194,8
494226,254
494375,8
494376,8
494495,19
494497,17
494534,19
494544,17
495069,19
495128,11
495180,19
495193,11
495326,2
495337,2
495463,19
495507,11
495534,11
495560,10
495650,2
496021,19
496056,19
496065,19
496070,19
496072,11
496228,17
496231,19
496325,3
496330,11
496361,19
496435,0
496622,19
496626,0
496637,10
496640,10
496644,229
496659,7
496771,3
496773,17
496857,17
496879,2
496884,8
496895,10
496905,213
496956,11
496962,10
496977,8
497074,10
497207,17
497214,8
497248,19
497301,10
497316,10
497389,11
497429,8
497437,10
497483,102
497503,19
497586,5
497618,19
497628,1
497632,17
497725,8
497864,2
497901,19
497917,19
498028,82
498113,2
498286,19
498318,17
498436,8
498444,19
498475,0
498551,4
498586,19
498595,10
498657,10
498741,8
498768,17
498817,41
498852,10
498879,8
498964,10
498969,19
498990,10
499014,19
499041,116
499157,19
499199,8
499222,10
499244,8
499269,19
499317,8
499320,8
499358,19
499418,10
499684,10
499757,10
499786,0
499844,10
499885,19
499914,0
499915,2
499926,19
499954,8
500054,10
500055,19
500076,19
500083,188
500396,2
500413,4
500430,120
500667,19
500706,17
500734,17
500735,17
500745,4
500751,10
500818,19
500828,19
500860,8
500919,19
501027,4
501089,8
501193,8
501264,19
501408,8
501455,0
501555,11
501575,11
501632,229
501704,2
501848,19
501884,2
501933,2
502005,8
502015,0
502019,19
502066,17
502111,19
502166,19
502193,17
502202,8
502286,4
502317,19
502339,8
502414,19
502433,19
502521,197
502584,19
502678,2
502735,8
502743,2
502766,8
502812,19
502816,19
502904,17
503014,2
503021,17
503024,19
503046,7
503156,19
503173,10
503242,11
503274,17
503442,11
503486,34
503541,0
503555,8
503558,2
503559,11
503583,214
503595,118
503667,19
503670,11
503776,17
503797,8
503844,82
503894,19
504166,10
504244,19
504269,8
504335,10
504367,8
504368,11
504392,11
504468,19
504487,8
504550,19
504604,17
504631,77
504683,8
504723,2
504735,11
504800,19
505002,8
505066,19
505102,4
505113,19
505161,10
505276,1
505279,8
505307,19
505414,0
505569,17
505597,10
505832,139
505895,26
506019,10
506069,10
506085,2
506194,19
506201,28
506224,8
506382,2
506449,19
506501,8
506535,11
506551,8
506560,8
506683,19
506712,41
506769,8
506772,19
506855,19
506984,1
506995,10
507046,4
507206,8
507254,11
507300,11
507304,134
507314,8
507331,4
507346,19
507349,17
507390,17
507476,8
507531,8
507622,8
507637,10
507654,26
509584,0
510480,0
515998,41
518439,5
520454,6
520766,2
520883,5
524770,41
525289,2
525702,0
527519,6
533519,4
540825,2
541246,2
541943,6
542078,21
542950,0
549945,4
551601,5
555445,6
557967,1
558219,71
560196,23
560256,2
564039,23
564920,5
567657,6
570185,2
571937,42
576309,46
577419,16
578072,5
584848,0
588518,6
596806,9
596929,1
599141,2
600614,4
601135,6
602121,2
603264,1
605355,5
608891,2
610578,41
616625,42
623131,6
623265,6
626699,4
626850,5
628644,264
632899,2
635014,2
638085,86
641015,6
641472,5
642176,4
644232,6
644725,64
645809,3
649897,8
650995,4
655384,41
655628,4
656864,6
656975,215
662133,2
665438,2
667402,5
667801,5
667985,5
668036,7
675762,5
676040,1
677056,3
678740,5
679902,6
683750,30
683879,5
684546,0
687763,1
697361,41
699053,6
701552,6
701733,2
703963,2
704273,41
706256,2
712066,1
712425,0
712918,8
714237,2
718880,6
719350,6
719838,3
720208,6
724374,2
728400,5
733695,41
733814,30
737401,42
742556,3
743157,41
743559,6
744670,31
746549,5
747255,17
747867,41
750337,2
751903,6
753185,41
753195,6
753667,2
753994,1
754184,6
757096,5
757502,6
759381,2
759698,5
760036,2
760271,4
766775,1
771160,5
775638,2
776333,5
783218,5
783439,2
784180,46
785009,41
785082,5
787610,6
789466,4
793652,7
798346,5
801925,0
803914,2
805330,6
806986,2
810333,6
812374,205
813821,2
815290,2
816000,1
824949,2
826658,6
831650,5
832648,5
834167,5
834315,2
842006,0
844033,5
845334,27
845950,2
849113,0
852465,6
852777,86
852786,6
852998,6
854516,5
856358,5
857150,6
858236,5
863585,6
868379,1
868998,2
869240,6
871208,164
871639,0
875119,5
882825,5
887869,1
892003,6
892334,5
897543,6
897927,6
905243,0
909099,13
909836,2
911480,22
911834,41
922791,6
924548,6
926258,6
928285,13
928719,5
930586,5
931393,265
935368,5
936021,2
941411,5
944567,41
946044,6
946974,6
950017,6
964241,5
969230,5
972359,5
975036,6
976029,5
978886,2
982977,6
989969,21
993726,5
995273,13
998563,6
1000599,6
1005365,6
1013309,41
1017253,6
1018859,6
1018881,8
1028299,2
1032243,5
1032919,5
1035774,5
1037899,35
1038856,4
1039136,86
1041641,5
1042291,2
1044018,5
1045275,5
1045539,2
1047404,6
1053020,6
1058413,6
1058814,5
1063554,5
1070499,64
1071221,5
1074744,59
1090143,2
1090917,5
1097727,6
1103812,0
1105753,2
1107529,6
1112022,6
1113498,6
1114749,6
1127507,5
1133655,5
1134789,6
1140410,5
1143673,8
1144514,6
1145401,5
1147732,1
1151970,2
1169228,5
1173322,6
1185249,2
1185653,4
1213317,6
1217163,5
1223610,5
1225223,6
1226940,5
1230216,6
1232112,3
1235003,0
1238353,5
1238524,1
1250395,4
1254792,17
1261250,6
1262361,5
1263963,1
1269072,6
1272559,13
1272984,3
1275935,12
1276770,12
1277280,12
1280591,17
1295703,5
1298823,3
1305317,263
1307183,5
1307763,12
1308221,12
1309635,5
1314486,6
1321172,12
1321818,2
1322691,6
1331994,5
1334745,12
1335808,5
1337212,12
1338260,46
1340061,12
1340247,6
1341520,5
1341619,5
1346340,12
1349316,12
1350554,12
1352356,2
1352903,12
1360795,12
1371663,2
1372540,6
1372630,0
1372760,6
1374179,6
1375078,5
1375614,12
1375667,12
1377706,12
1380269,6
1380389,2
1380865,12
1381090,12
1381577,12
1382883,0
1397078,12
1410723,5
1417633,2
1420949,2
1423304,5
1425735,12
1428013,12
1428499,5
1430565,6
1441343,5
1443854,5
1447618,5
1455037,1
1456017,12
1460534,12
1462727,5
1466781,12
1469203,2
1470110,5
1471721,12
1474942,5
1476460,12
1477454,12
1487270,5
1488357,6
1488401,12
1492063,5
1493778,12
1495268,12
1496033,12
1500787,6
1504885,2
1508888,5
1519341,7
1519347,6
1526088,5
1531668,1
1535762,5
1545641,5
1549146,4
1561400,6
1562855,6
1595422,2
1610375,4
1610958,2
1621049,60
1630458,5
1631748,2
1643139,5
1668762,5
1681663,6
1692916,5
1718021,8
1728905,0
1729422,5
1742018,5
1758624,1
1762498,7
1766799,2
1771143,3
1776577,5
1778424,5
1797487,5
1805078,1
1805406,6
1811744,3
1815841,5
1831108,5
1832688,1
1832953,6
1833865,6
1841031,5
1849420,5
1852803,5
1854034,3
1863309,21
1868286,1
1869203,6
1869997,5
1879229,183
1882030,5
1893353,6
1899693,5
1900234,5
1901275,6
1901624,5
1902922,5
1904651,5
1927040,5
1927296,5
1934395,3
1935176,5
1938822,183
1942531,5
1943563,5
1943604,5
1946036,5
1953440,5
1956977,4
1964386,6
1979793,6
2003008,259
2015529,5
2033084,13
2038274,31
2039308,6
2069849,31
2074648,5
2076875,5
2079038,5
2086257,5
2094364,182
2105003,6
2113343,16
2159049,5
2159760,6
2198470,6
2216435,5
2222242,6
2224469,5
2227416,41
2259793,5
2292894,1
2296280,262
2315051,5
2320038,3
2322428,5
2353688,6
2363141,64
2381469,60
2415608,1
2444951,60
2508045,5
2524724,13
2531494,262
2539130,5
2570623,5
2617443,8
2636319,5
2650577,1
2651941,7
2676432,31
2707639,3
2762836,1
2808834,4
2818574,5
2825014,6
2832035,31
2876297,6
2919748,41
2924514,5
2936023,6
2966830,8
3013481,5
3053965,31
3150032,5
3241886,3
3663265,183
3819579,47
3970826,47
3985751,5
4040352,5
4041565,6
4067750,47
4145375,5
4192542,13
4278813,47
4283103,47
4306662,5
4342633,41
4524192,15
